feature1,feature2,target
-1.341641, -1.341641, 3
-0.447214, -0.447214, 6
0.447214, 0.447214, 9
1.341641, 1.341641, 12
